A1B2C,Juan Perez,2,A1B2C3D4,E5F6G7H8,
D3E4F,Maria Gonzalez,4,I9J0K1L2,M3N4O5P6,Q7R8S9T0,U1V2W3X4,
G5H6I,Carlos Martinez,3,Y5Z6A7B8,C9D0E1F2,G3H4I5J6,
J7K8L,Ana Rodriguez,1,K7L8M9N0,
M1N2O,Luis Hernandez,5,A1B2C3D4,E5F6G7H8,I9J0K1L2,M3N4O5P6,Q7R8S9T0
P3Q4R,Lucia Lopez,2,U1V2W3X4,Y5Z6A7B8,
S5T6U,Andres Ramirez,3,C9D0E1F2,G3H4I5J6,K7L8M9N0,
V7W8X,Sofia Jimenez,4,A1B2C3D4,E5F6G7H8,I9J0K1L2,M3N4O5P6,
Y1Z2A,Pedro Torres,1,Q7R8S9T0,
B3C4D,Daniela Flores,5,U1V2W3X4,Y5Z6A7B8,C9D0E1F2,G3H4I5J6,K7L8M9N0
E5F6G,Alberto Ruiz,3,A1B2C3D4,E5F6G7H8,I9J0K1L2,
H7I8J,Patricia Moreno,2,M3N4O5P6,Q7R8S9T0,
K1L2M,Jorge Vega,4,U1V2W3X4,Y5Z6A7B8,C9D0E1F2,G3H4I5J6,
N3O4P,Carmen Rios,1,K7L8M9N0,
Q5R6S,Raul Gutierrez,3,A1B2C3D4,E5F6G7H8,I9J0K1L2,
T7U8V,Elena Castro,5,M3N4O5P6,Q7R8S9T0,U1V2W3X4,Y5Z6A7B8,C9D0E1F2
W1X2Y,Guillermo Mendoza,2,G3H4I5J6,K7L8M9N0,
Z3A4B,Silvia Ortiz,4,A1B2C3D4,E5F6G7H8,I9J0K1L2,M3N4O5P6,
C5D6E,Esteban Silva,1,Q7R8S9T0,
F7G8H,Mariana Navarro,5,U1V2W3X4,Y5Z6A7B8,C9D0E1F2,G3H4I5J6,K7L8M9N0,